{
  "IcoMoonType": "selection",
  "icons": [
    {
      "icon": {
        "paths": [
          "M1081.034 32.647c22.118-21.172 51.553-32.876 82.093-32.644 30.538 0.232 59.794 12.383 81.591 33.889 21.798 21.506 34.433 50.684 35.241 81.378 0.809 30.693-10.277 60.503-30.915 83.136l-626.508 787.752c-10.774 11.667-23.776 21.029-38.23 27.528-14.454 6.497-30.063 9.999-45.893 10.294-15.831 0.294-31.558-2.623-46.241-8.579-14.684-5.956-28.022-14.828-39.217-26.085l-415.474-417.714c-11.57-10.839-20.85-23.91-27.287-38.435-6.437-14.523-9.898-30.202-10.177-46.099s2.63-31.689 8.553-46.431c5.923-14.743 14.739-28.136 25.921-39.379 11.183-11.242 24.503-20.106 39.167-26.061s30.37-8.879 46.183-8.599c15.812 0.28 31.406 3.761 45.853 10.231 14.445 6.472 27.447 15.802 38.228 27.434l328.799 330.414 545.329-698.557c0.982-1.215 2.030-2.375 3.14-3.473h-0.156z"
        ],
        "attrs": [
          {
            "fill": "rgb(244, 244, 253)"
          }
        ],
        "width": 1280,
        "isMulticolor": false,
        "isMulticolor2": false,
        "grid": 0,
        "tags": [
          "Vector"
        ],
        "colorPermutations": {
          "2442442531255255255177902291": [
            {
              "f": 1
            }
          ]
        }
      },
      "attrs": [
        {
          "fill": "rgb(244, 244, 253)"
        }
      ],
      "properties": {
        "order": 124,
        "id": 9,
        "name": "Vector",
        "prevSize": 32
      },
      "setIdx": 0,
      "setId": 3,
      "iconIdx": 0
    },
    {
      "icon": {
        "paths": [
          "M512 512c94.293 0 170.667-76.373 170.667-170.667s-76.373-170.667-170.667-170.667c-94.293 0-170.667 76.373-170.667 170.667s76.373 170.667 170.667 170.667zM512 597.333c-113.92 0-341.333 57.173-341.333 170.667v42.667c0 23.467 19.2 42.667 42.667 42.667h597.333c23.467 0 42.667-19.2 42.667-42.667v-42.667c0-113.493-227.413-170.667-341.333-170.667z"
        ],
        "attrs": [],
        "isMulticolor": false,
        "isMulticolor2": false,
        "grid": 0,
        "tags": [
          "person"
        ],
        "colorPermutations": {
          "2442442531255255255177902291": [],
          "2442442531255255255164751911": []
        }
      },
      "attrs": [],
      "properties": {
        "order": 125,
        "id": 8,
        "name": "person",
        "prevSize": 32
      },
      "setIdx": 0,
      "setId": 3,
      "iconIdx": 1
    },
    {
      "icon": {
        "paths": [
          "M628.322 591.578l-78.43-8.956c-18.833-2.159-37.359 4.326-50.637 17.6l-56.815 56.815c-87.381-44.463-159.016-115.789-203.479-203.477l57.122-57.125c13.277-13.277 19.761-31.803 17.6-50.639l-8.954-77.81c-3.705-31.186-29.951-54.653-61.445-54.653h-53.417c-34.891 0-63.916 29.024-61.754 63.916 16.365 263.692 227.255 474.273 490.634 490.636 34.893 2.163 63.915-26.863 63.915-61.751v-53.419c0.311-31.185-23.155-57.429-54.34-61.137z"
        ],
        "attrs": [],
        "width": 768,
        "isMulticolor": false,
        "isMulticolor2": false,
        "grid": 0,
        "tags": [
          "phone"
        ],
        "colorPermutations": {
          "2442442531255255255177902291": [],
          "2442442531255255255164751911": []
        }
      },
      "attrs": [],
      "properties": {
        "order": 126,
        "id": 7,
        "name": "phone",
        "prevSize": 32
      },
      "setIdx": 0,
      "setId": 3,
      "iconIdx": 2
    },
    {
      "icon": {
        "paths": [
          "M640 256h-512c-35.2 0-63.68 28.8-63.68 64l-0.32 384c0 35.2 28.8 64 64 64h512c35.2 0 64-28.8 64-64v-384c0-35.2-28.8-64-64-64zM627.2 392l-226.24 141.44c-10.24 6.4-23.68 6.4-33.92 0l-226.24-141.44c-8-5.12-12.8-13.76-12.8-23.040 0-21.44 23.36-34.24 41.6-23.040l214.4 134.080 214.4-134.080c18.24-11.2 41.6 1.6 41.6 23.040 0 9.28-4.8 17.92-12.8 23.040z"
        ],
        "attrs": [],
        "width": 768,
        "isMulticolor": false,
        "isMulticolor2": false,
        "grid": 0,
        "tags": [
          "email"
        ],
        "colorPermutations": {
          "2442442531255255255177902291": [],
          "2442442531255255255164751911": []
        }
      },
      "attrs": [],
      "properties": {
        "order": 127,
        "id": 6,
        "name": "email",
        "prevSize": 32
      },
      "setIdx": 0,
      "setId": 3,
      "iconIdx": 3
    },
    {
      "icon": {
        "paths": [
          "M1024 85.333l-1024 480 327.251 101.001 504.749-394.334-383.927 431.629 0.311 0.098-0.384-0.098v235.038l183.522-178.419 232.482 71.753 159.996-746.667z"
        ],
        "attrs": [
          {
            "fill": "rgb(255, 255, 255)"
          }
        ],
        "isMulticolor": false,
        "isMulticolor2": false,
        "grid": 0,
        "tags": [
          "Frame 3"
        ],
        "colorPermutations": {
          "2442442531255255255177902291": [
            {
              "f": 2
            }
          ],
          "2442442531255255255164751911": [
            {
              "f": 2
            }
          ]
        }
      },
      "attrs": [
        {
          "fill": "rgb(255, 255, 255)"
        }
      ],
      "properties": {
        "order": 128,
        "id": 5,
        "name": "Frame-3",
        "prevSize": 32
      },
      "setIdx": 0,
      "setId": 3,
      "iconIdx": 4
    },
    {
      "icon": {
        "paths": [
          "M1024 103.131l-103.131-103.131-408.869 408.869-408.869-408.869-103.131 103.131 408.869 408.869-408.869 408.869 103.131 103.131 408.869-408.869 408.869 408.869 103.131-103.131-408.869-408.869 408.869-408.869z"
        ],
        "attrs": [
          {}
        ],
        "isMulticolor": false,
        "isMulticolor2": false,
        "grid": 0,
        "tags": [
          "close-black"
        ],
        "colorPermutations": {
          "2442442531255255255177902291": [
            {}
          ],
          "2442442531255255255164751911": [
            {}
          ]
        }
      },
      "attrs": [
        {}
      ],
      "properties": {
        "order": 129,
        "id": 4,
        "name": "close-black",
        "prevSize": 32
      },
      "setIdx": 0,
      "setId": 3,
      "iconIdx": 5
    },
    {
      "icon": {
        "paths": [
          "M682.541 170.019h93.485v-162.816c-16.128-2.219-71.597-7.211-136.195-7.211-134.784 0-227.114 84.778-227.114 240.597v143.403h-148.737v182.016h148.737v457.985h182.357v-457.942h142.718l22.656-182.016h-165.417v-125.398c0.043-52.608 14.208-88.619 87.51-88.619z"
        ],
        "attrs": [
          {
            "fill": "rgb(244, 244, 253)"
          }
        ],
        "isMulticolor": false,
        "isMulticolor2": false,
        "grid": 0,
        "tags": [
          "facebook 1"
        ],
        "colorPermutations": {
          "2442442531255255255177902291": [
            {
              "f": 1
            }
          ],
          "2442442531255255255164751911": [
            {
              "f": 1
            }
          ]
        }
      },
      "attrs": [
        {
          "fill": "rgb(244, 244, 253)"
        }
      ],
      "properties": {
        "order": 130,
        "id": 3,
        "name": "facebook-1",
        "prevSize": 32
      },
      "setIdx": 0,
      "setId": 3,
      "iconIdx": 6
    },
    {
      "icon": {
        "paths": [
          "M1022.995 301.051c-2.4-54.409-11.2-91.814-23.802-124.227-13.005-34.405-33.005-65.208-59.213-90.815-25.606-26.005-56.614-46.212-90.618-59.012-32.602-12.604-69.811-21.403-124.224-23.802-54.816-2.602-72.218-3.204-211.243-3.204-139.027 0-156.429 0.602-211.041 3.001-54.41 2.399-91.815 11.205-124.22 23.802-34.413 13.003-65.216 33.006-90.822 59.215-26.005 25.606-46.204 56.612-59.012 90.62-12.604 32.608-21.403 69.811-23.801 124.22-2.602 54.815-3.204 72.217-3.204 211.244 0 139.025 0.602 156.426 3.001 211.044 2.399 54.406 11.205 91.814 23.809 124.224 13.002 34.406 33.202 65.21 59.207 90.816 25.606 26.003 56.612 46.214 90.619 59.008 32.608 12.608 69.811 21.408 124.227 23.802 54.605 2.413 72.014 3.002 211.041 3.002 139.028 0 156.43-0.589 211.041-3.002 54.406-2.394 91.814-11.194 124.218-23.802 68.819-26.605 123.226-81.011 149.837-149.824 12.595-32.608 21.402-69.818 23.802-124.224 2.4-54.618 3.002-72.019 3.002-211.044 0-139.027-0.205-156.429-2.605-211.041zM930.784 719.13c-2.208 50.016-10.605 77.018-17.606 95.021-17.21 44.608-52.614 80.019-97.222 97.222-18.003 7.002-45.203 15.405-95.021 17.6-54.010 2.406-70.208 2.995-206.835 2.995-136.628 0-153.030-0.589-206.845-2.995-50.010-2.195-77.014-10.598-95.018-17.6-22.2-8.205-42.406-21.21-58.808-38.208-17.004-16.608-30.006-36.608-38.211-58.81-7.002-18.003-15.402-45.21-17.597-95.021-2.407-54.010-3.001-70.214-3.001-206.844s0.594-153.030 3.001-206.837c2.195-50.010 10.595-77.015 17.597-95.019 8.205-22.207 21.207-42.406 38.414-58.816 16.596-17.004 36.6-30.006 58.808-38.203 18.003-7.002 45.212-15.402 95.018-17.605 54.010-2.399 70.217-3 206.837-3 136.828 0 153.027 0.602 206.844 3 50.010 2.204 77.018 10.604 95.021 17.605 22.195 8.197 42.406 21.199 58.81 38.203 16.998 16.605 30.003 36.609 38.208 58.816 7.002 18.004 15.398 45.204 17.606 95.019 2.4 54.010 3.002 70.209 3.002 206.837s-0.602 152.629-3.002 206.639z",
          "M513.899 249.039c-145.224 0-263.052 117.82-263.052 263.051 0 145.235 117.828 263.052 263.052 263.052 145.231 0 263.048-117.818 263.048-263.052 0-145.231-117.818-263.051-263.048-263.051zM513.899 682.726c-94.214 0-170.635-76.415-170.635-170.636s76.421-170.635 170.635-170.635c94.221 0 170.632 76.413 170.632 170.635s-76.411 170.636-170.632 170.636z",
          "M848.768 238.637c0 33.913-27.494 61.411-61.414 61.411-33.914 0-61.414-27.498-61.414-61.411 0-33.921 27.501-61.411 61.414-61.411 33.92 0 61.414 27.489 61.414 61.411z"
        ],
        "attrs": [
          {
            "fill": "rgb(244, 244, 253)"
          },
          {
            "fill": "rgb(244, 244, 253)"
          },
          {
            "fill": "rgb(244, 244, 253)"
          }
        ],
        "isMulticolor": false,
        "isMulticolor2": false,
        "grid": 0,
        "tags": [
          "instagram 2"
        ],
        "colorPermutations": {
          "2442442531255255255177902291": [
            {
              "f": 1
            },
            {
              "f": 1
            },
            {
              "f": 1
            }
          ],
          "2442442531255255255164751911": [
            {
              "f": 1
            },
            {
              "f": 1
            },
            {
              "f": 1
            }
          ]
        }
      },
      "attrs": [
        {
          "fill": "rgb(244, 244, 253)"
        },
        {
          "fill": "rgb(244, 244, 253)"
        },
        {
          "fill": "rgb(244, 244, 253)"
        }
      ],
      "properties": {
        "order": 131,
        "id": 2,
        "name": "instagram-2",
        "prevSize": 32
      },
      "setIdx": 0,
      "setId": 3,
      "iconIdx": 7
    },
    {
      "icon": {
        "paths": [
          "M1023.744 1023.994v-0.045h0.256v-375.552c0-183.723-39.552-325.249-254.336-325.249-103.258 0-172.546 56.662-200.834 110.379h-2.987v-93.227h-203.648v683.649h212.054v-338.515c0-89.133 16.896-175.32 127.274-175.32 108.755 0 110.381 101.717 110.381 181.035v332.845h211.84z",
          "M16.898 340.344h212.309v683.65h-212.309v-683.65z",
          "M122.965-0.008c-67.882 0-122.965 55.083-122.965 122.965s55.083 124.118 122.965 124.118c67.883 0 122.966-56.235 122.966-124.118-0.043-67.883-55.126-122.965-122.966-122.965v0z"
        ],
        "attrs": [
          {
            "fill": "rgb(244, 244, 253)"
          },
          {
            "fill": "rgb(244, 244, 253)"
          },
          {
            "fill": "rgb(244, 244, 253)"
          }
        ],
        "isMulticolor": false,
        "isMulticolor2": false,
        "grid": 0,
        "tags": [
          "linkedin 1"
        ],
        "colorPermutations": {
          "2442442531255255255177902291": [
            {
              "f": 1
            },
            {
              "f": 1
            },
            {
              "f": 1
            }
          ],
          "2442442531255255255164751911": [
            {
              "f": 1
            },
            {
              "f": 1
            },
            {
              "f": 1
            }
          ]
        }
      },
      "attrs": [
        {
          "fill": "rgb(244, 244, 253)"
        },
        {
          "fill": "rgb(244, 244, 253)"
        },
        {
          "fill": "rgb(244, 244, 253)"
        }
      ],
      "properties": {
        "order": 132,
        "id": 1,
        "name": "linkedin-1",
        "prevSize": 32
      },
      "setIdx": 0,
      "setId": 3,
      "iconIdx": 8
    },
    {
      "icon": {
        "paths": [
          "M1024 194.488c-38.080 16.704-78.656 27.776-120.96 33.152 43.52-25.984 76.736-66.816 92.352-116.032-40.576 24.192-85.376 41.28-133.12 50.816-38.528-41.024-93.44-66.432-153.344-66.432-116.224 0-209.792 94.336-209.792 209.984 0 16.64 1.408 32.64 4.864 47.872-174.528-8.512-328.96-92.16-432.704-219.584-18.112 31.424-28.736 67.392-28.736 106.112 0 72.704 37.44 137.152 93.248 174.464-33.728-0.64-66.816-10.432-94.848-25.856 0 0.64 0 1.472 0 2.304 0 102.016 72.768 186.752 168.192 206.272-17.088 4.672-35.712 6.912-55.040 6.912-13.44 0-27.008-0.768-39.744-3.584 27.2 83.137 104.384 144.257 196.16 146.241-71.424 55.872-162.112 89.536-260.288 89.536-17.216 0-33.728-0.768-50.24-2.88 92.992 59.968 203.2 94.208 322.048 94.208 386.304 0 597.504-320.001 597.504-597.377 0-9.28-0.32-18.24-0.768-27.136 41.664-29.568 76.672-66.496 105.216-108.992z"
        ],
        "attrs": [],
        "isMulticolor": false,
        "isMulticolor2": false,
        "grid": 0,
        "tags": [
          "twitter 1"
        ],
        "colorPermutations": {
          "2442442531255255255177902291": [],
          "2442442531255255255164751911": []
        }
      },
      "attrs": [],
      "properties": {
        "order": 133,
        "id": 0,
        "name": "twitter-1",
        "prevSize": 32
      },
      "setIdx": 0,
      "setId": 3,
      "iconIdx": 9
    },
    {
      "icon": {
        "paths": [
          "M814.545 267.636l81.545 77.689-151.363-0.090v376.927h395.636v-144.118l81.455 77.603v-388.012h-407.273zM1136.784 568.927l-231.212-220.279h231.212v220.279zM1064.996 667.028h-257.664v-253.503h18.213v236.337h239.451v17.166zM858.716 791.984l-9.602-19.745h-7.926l13.919 26.136v15.227h7.188v-15.227l13.921-26.136h-7.898l-9.602 19.745zM894.114 772.239h1.705l15.624 41.364h-7.5l-3.347-9.687h-16.013l-3.34 9.687h-7.472l15.568-41.364h4.773zM886.533 798.263h12.11l-6.061-17.548-6.049 17.548zM936.519 791.409c-0.312-0.397-0.612-0.782-0.899-1.158-1.061-1.402-1.885-2.755-2.472-4.062-0.588-1.327-0.881-2.69-0.881-4.091 0-2.159 0.445-4.015 1.335-5.568s2.15-2.746 3.779-3.579c1.628-0.853 3.532-1.279 5.71-1.279 2.102 0 3.911 0.426 5.426 1.279 1.534 0.833 2.708 1.941 3.522 3.323 0.833 1.382 1.25 2.897 1.25 4.545 0 1.307-0.236 2.501-0.71 3.581-0.474 1.079-1.126 2.064-1.961 2.954-0.833 0.89-1.799 1.733-2.897 2.529l-2.873 2.091 8.191 9.666c0.27-0.531 0.514-1.089 0.733-1.672 0.702-1.819 1.052-3.835 1.052-6.052h5.909c0 2.008-0.199 3.911-0.597 5.711-0.378 1.799-0.994 3.465-1.847 4.999-0.346 0.637-0.737 1.245-1.173 1.826l6.059 7.152h-7.926l-2.404-2.828c-1.301 0.988-2.716 1.759-4.244 2.317-2.007 0.719-4.147 1.080-6.42 1.080-2.747 0-5.123-0.503-7.131-1.506-2.008-1.004-3.561-2.387-4.659-4.148-1.080-1.762-1.62-3.778-1.62-6.051 0-1.686 0.35-3.163 1.051-4.432 0.702-1.287 1.658-2.481 2.87-3.579 1.119-1.016 2.395-2.031 3.826-3.046zM939.913 795.565l-0.856 0.623c-1.004 0.815-1.752 1.601-2.245 2.359-0.474 0.739-0.785 1.421-0.937 2.046-0.152 0.625-0.228 1.174-0.228 1.648 0 1.211 0.256 2.31 0.767 3.295 0.531 0.984 1.297 1.77 2.302 2.358 1.023 0.568 2.263 0.852 3.721 0.852 1.572 0 3.096-0.35 4.574-1.051 0.74-0.361 1.443-0.795 2.106-1.303l-9.204-10.825zM941.548 788.010l2.537-1.708c1.194-0.795 2.046-1.572 2.558-2.33 0.511-0.776 0.767-1.742 0.767-2.897 0-0.984-0.379-1.893-1.137-2.728-0.758-0.833-1.828-1.25-3.21-1.25-0.966 0-1.78 0.227-2.442 0.682-0.663 0.435-1.165 1.023-1.506 1.762-0.322 0.719-0.483 1.524-0.483 2.415 0 0.852 0.218 1.733 0.653 2.641 0.436 0.89 1.032 1.828 1.79 2.813 0.155 0.198 0.313 0.397 0.475 0.6zM1013.915 800.137h-7.103c-0.208 1.799-0.643 3.323-1.307 4.574-0.643 1.231-1.6 2.168-2.868 2.813-1.251 0.643-2.888 0.966-4.915 0.966-1.666 0-3.096-0.332-4.29-0.995-1.193-0.662-2.177-1.6-2.954-2.813-0.758-1.211-1.325-2.661-1.704-4.346-0.361-1.705-0.54-3.599-0.54-5.682v-3.494c0-2.197 0.199-4.147 0.596-5.852 0.417-1.723 1.032-3.172 1.847-4.347 0.815-1.174 1.828-2.064 3.041-2.669 1.211-0.606 2.632-0.91 4.261-0.91 1.989 0 3.598 0.341 4.829 1.023 1.231 0.663 2.16 1.629 2.785 2.897 0.643 1.27 1.060 2.794 1.25 4.574h7.102c-0.284-2.765-1.060-5.218-2.33-7.358-1.25-2.14-3.010-3.817-5.284-5.028-2.273-1.213-5.056-1.819-8.351-1.819-2.595 0-4.934 0.455-7.018 1.364-2.064 0.909-3.834 2.225-5.312 3.949-1.478 1.704-2.614 3.759-3.409 6.164-0.776 2.405-1.165 5.096-1.165 8.069v3.437c0 2.973 0.379 5.663 1.137 8.069 0.776 2.405 1.894 4.46 3.352 6.165 1.458 1.685 3.21 2.992 5.255 3.92 2.046 0.909 4.347 1.364 6.904 1.364 3.334 0 6.165-0.606 8.495-1.819s4.138-2.87 5.426-4.971c1.288-2.121 2.046-4.537 2.273-7.245zM1053.375 794.057v-2.273c0-3.124-0.417-5.918-1.25-8.381-0.815-2.481-1.979-4.593-3.494-6.335-1.515-1.762-3.323-3.096-5.426-4.006-2.103-0.927-4.432-1.392-6.989-1.392-2.538 0-4.858 0.464-6.96 1.392-2.084 0.91-3.892 2.245-5.426 4.006-1.516 1.742-2.69 3.854-3.523 6.335-0.833 2.462-1.25 5.256-1.25 8.381v2.273c0 3.126 0.417 5.929 1.25 8.41 0.853 2.481 2.046 4.593 3.579 6.335 1.535 1.743 3.343 3.078 5.426 4.006 2.103 0.909 4.423 1.364 6.961 1.364 2.557 0 4.886-0.455 6.989-1.364 2.102-0.929 3.902-2.263 5.397-4.006 1.515-1.742 2.68-3.854 3.494-6.335s1.222-5.284 1.222-8.41zM1046.244 791.728v2.33c0 2.311-0.227 4.357-0.682 6.137-0.435 1.78-1.079 3.286-1.932 4.517-0.852 1.211-1.893 2.131-3.124 2.755-1.231 0.606-2.643 0.909-4.233 0.909-1.572 0-2.973-0.303-4.204-0.909-1.231-0.625-2.292-1.544-3.183-2.755-0.87-1.231-1.534-2.737-1.989-4.517-0.454-1.78-0.682-3.826-0.682-6.137v-2.33c0-2.31 0.228-4.346 0.682-6.108 0.455-1.78 1.108-3.266 1.961-4.46 0.87-1.211 1.922-2.121 3.153-2.726 1.231-0.625 2.632-0.938 4.204-0.938s2.984 0.313 4.233 0.938c1.25 0.605 2.301 1.515 3.153 2.726 0.87 1.194 1.524 2.68 1.96 4.46 0.455 1.762 0.682 3.798 0.682 6.108z"
        ],
        "attrs": [],
        "width": 1955,
        "isMulticolor": false,
        "isMulticolor2": false,
        "grid": 0,
        "tags": [
          "Client 1 (1)"
        ],
        "colorPermutations": {
          "14214315312442442531464766177902291": []
        }
      },
      "attrs": [],
      "properties": {
        "order": 143,
        "id": 13,
        "name": "Client-1-1",
        "prevSize": 32
      },
      "setIdx": 1,
      "setId": 2,
      "iconIdx": 0
    },
    {
      "icon": {
        "paths": [
          "M955.504 255.238h-1.59c-2.442-0.148-4.886-0.207-7.33-0.266v0h-5.298c-4.622 0-9.332 0.119-14.013 0.355-0.353-0.026-0.706-0.026-1.059 0-42.408 2.403-83.955 13.002-122.369 31.218l-5.034 2.426v257.643l11.775-3.995c10.332-3.551 21.341-6.747 32.733-9.706 30.796-7.906 62.416-12.108 94.199-12.516v33.85c-4.21 0.030-8.301 0.149-12.393 0.356h-0.972c-24.46 1.342-48.731 5.068-72.474 11.126-30.070 7.529-59.078 18.832-86.338 33.644v-330.434c28.312-16.513 58.807-28.916 90.577-36.84 27.894-7.202 56.568-10.9 85.367-11.008h4.975c5.946 0.148 11.746 0.414 17.192 0.829 14.348 1.008 28.58 3.274 42.536 6.776v33.318c-13.553-3.157-27.333-5.234-41.211-6.214-0.282-0.023-0.563-0.048-0.845-0.071-2.872-0.246-5.747-0.491-8.428-0.491zM1014.142 289.296c7.388 0.562 15.042 0.829 22.784 0.829 30.274-0.111 60.419-3.977 89.752-11.511 30.056-7.557 59.056-18.87 86.308-33.673v324.545c-28.323 16.504-58.83 28.906-90.605 36.84-27.898 7.175-56.57 10.861-85.367 10.979-21.819 0.176-43.575-2.389-64.761-7.635v-326.647c5.004 1.154 10.155 2.219 15.395 3.107 8.596 1.45 17.663 2.515 26.494 3.166zM1179.311 291.811l-11.776 3.966c-10.831 3.64-21.752 6.895-32.732 9.794-31.967 8.215-64.823 12.429-97.819 12.546-7.682 0-14.747-0.207-21.576-0.652l-9.391-0.621v265.040l8.065 0.71c7.478 0.652 15.19 0.976 22.961 0.976 25.99-0.109 51.866-3.459 77.036-9.971 20.726-5.199 40.89-12.444 60.193-21.631l5.039-2.426v-257.731z",
          "M788.214 712.29c-1.692-1.756-3.733-3.135-5.989-4.047-2.257-0.912-4.679-1.338-7.11-1.25-2.59-0.035-5.162 0.448-7.565 1.421-2.204 0.877-4.207 2.196-5.888 3.876-1.662 1.685-2.956 3.7-3.797 5.918-0.923 2.324-1.384 4.807-1.354 7.309v44.148c-0.105 3.11 0.489 6.206 1.737 9.054 1.041 2.262 2.546 4.279 4.415 5.918 1.765 1.486 3.837 2.557 6.065 3.137 2.146 0.603 4.365 0.911 6.593 0.917 2.459 0.024 4.892-0.502 7.124-1.538 2.206-0.966 4.207-2.353 5.888-4.084 1.638-1.715 2.946-3.721 3.855-5.918 0.944-2.226 1.424-4.622 1.414-7.042v-4.941h-11.54v3.935c0.035 1.344-0.195 2.681-0.677 3.935-0.376 0.939-0.947 1.787-1.678 2.486-0.714 0.577-1.534 1.010-2.413 1.272-0.78 0.259-1.593 0.399-2.413 0.414-1.031 0.12-2.074-0.035-3.025-0.451-0.951-0.415-1.776-1.076-2.391-1.915-1.088-1.775-1.621-3.835-1.53-5.918v-41.16c-0.072-2.282 0.413-4.547 1.413-6.598 0.599-0.932 1.446-1.676 2.446-2.147s2.11-0.65 3.206-0.517c0.995-0.035 1.983 0.172 2.88 0.605s1.677 1.079 2.271 1.88c1.292 1.695 1.967 3.784 1.913 5.918v3.817h11.422v-4.497c0.022-2.641-0.457-5.263-1.414-7.723-0.852-2.313-2.164-4.428-3.856-6.214z",
          "M856.773 711.786c-3.679-3.107-8.323-4.823-13.128-4.852-2.351 0.009-4.681 0.431-6.889 1.243-2.241 0.803-4.309 2.028-6.093 3.61-1.912 1.719-3.437 3.827-4.475 6.185-1.162 2.696-1.734 5.613-1.678 8.552v42.344c-0.079 2.979 0.493 5.938 1.678 8.67 1.045 2.276 2.572 4.296 4.475 5.917 1.764 1.638 3.835 2.906 6.093 3.729 2.207 0.812 4.538 1.232 6.889 1.243 2.351-0.005 4.682-0.426 6.888-1.243 2.297-0.835 4.414-2.1 6.241-3.729 1.841-1.651 3.323-3.665 4.357-5.917 1.185-2.732 1.758-5.691 1.678-8.67v-42.344c0.057-2.938-0.515-5.855-1.678-8.552-1.026-2.333-2.508-4.436-4.357-6.185zM851.386 768.866c0.097 1.129-0.059 2.264-0.456 3.325-0.398 1.060-1.026 2.017-1.84 2.801-1.524 1.278-3.447 1.978-5.432 1.978s-3.906-0.701-5.431-1.978c-0.815-0.784-1.443-1.741-1.84-2.801-0.398-1.060-0.554-2.196-0.456-3.325v-42.344c-0.098-1.129 0.058-2.264 0.456-3.325 0.397-1.060 1.025-2.018 1.84-2.801 1.524-1.278 3.446-1.978 5.431-1.978s3.907 0.701 5.432 1.978c0.813 0.783 1.442 1.741 1.84 2.801 0.397 1.060 0.553 2.196 0.456 3.325v42.344z",
          "M946.819 787.775v-80.159h-11.098l-14.571 42.432h-0.206l-14.69-42.432h-10.98v80.159h11.451v-48.765h0.206l11.215 34.473h5.711l11.304-34.473h0.206v48.765h11.451z",
          "M1011.876 713.236c-1.764-1.978-3.989-3.484-6.477-4.38-2.68-0.872-5.484-1.292-8.301-1.243h-17.014v80.161h11.421v-31.306h5.887c3.564 0.162 7.11-0.592 10.303-2.19 2.597-1.442 4.763-3.557 6.271-6.125 1.321-2.132 2.211-4.506 2.619-6.983 0.449-3.016 0.656-6.065 0.618-9.114 0.112-3.849-0.264-7.697-1.118-11.451-0.762-2.774-2.21-5.31-4.209-7.368zM1005.988 737.677c-0.049 1.451-0.411 2.875-1.060 4.173-0.653 1.232-1.685 2.219-2.943 2.81-1.692 0.758-3.537 1.102-5.388 1.007h-5.21v-27.252h5.887c1.773-0.087 3.54 0.258 5.151 1.005 1.181 0.678 2.119 1.714 2.679 2.959 0.625 1.408 0.965 2.928 1.001 4.468 0 1.687 0 3.462 0 5.326s0.118 3.788 0 5.504h-0.118z",
          "M1065.981 707.615h-9.361l-17.662 80.159h11.421l3.356-17.222h15.572l3.356 17.222h11.422l-18.104-80.159zM1055.441 759.635l5.623-29.057h0.206l5.594 29.057h-11.422z",
          "M1139.778 755.906h-0.206l-17.25-48.291h-10.98v80.159h11.421v-48.202h0.236l17.456 48.202h10.744v-80.159h-11.421v48.291z",
          "M1209.577 707.615l-9.193 31.869h-0.233l-9.181-31.869h-12.102l15.686 46.279v33.88h11.427v-33.88l15.686-46.279h-12.090z",
          "M756.364 810.409h5.505v15.446h3.738v-15.446h5.476v-3.166h-14.719v3.166z",
          "M802.638 807.242l-7.212 18.612h3.974l1.531-4.231h7.418l1.59 4.231h4.062l-7.389-18.612h-3.974zM802.049 818.487l2.532-6.895 2.531 6.895h-5.063z",
          "M848.383 818.992h4.298v2.397c-1.256 1.007-2.81 1.558-4.416 1.569-0.751 0.042-1.5-0.098-2.186-0.406-0.687-0.31-1.289-0.778-1.758-1.37-0.987-1.417-1.473-3.126-1.384-4.852 0-4.143 1.795-6.214 5.357-6.214 0.938-0.094 1.878 0.154 2.65 0.696 0.773 0.542 1.325 1.345 1.56 2.262l3.679-0.71c-0.795-3.64-3.414-5.474-7.889-5.474-2.392-0.064-4.72 0.794-6.505 2.397-0.938 0.925-1.664 2.046-2.126 3.283-0.463 1.237-0.652 2.56-0.553 3.877-0.109 2.547 0.742 5.041 2.384 6.984 0.911 0.94 2.015 1.67 3.235 2.14s2.526 0.668 3.83 0.582c2.913 0.081 5.741-0.98 7.889-2.959v-7.338h-8.066v3.136z",
          "M895.099 807.242h-3.768v18.612h13.040v-3.166h-9.272v-15.446z",
          "M934.604 807.242h-3.768v18.612h3.768v-18.612z",
          "M973.225 819.671l-7.624-12.429h-3.65v18.612h3.503v-12.161l7.478 12.161h3.739v-18.612h-3.444v12.429z",
          "M1008.137 817.658h9.273v-3.166h-9.273v-4.083h9.979v-3.166h-13.747v18.612h14.13v-3.166h-10.362v-5.030z",
          "M1092.797 814.582h-7.33v-7.339h-3.738v18.612h3.738v-8.137h7.33v8.137h3.739v-18.612h-3.739v7.339z",
          "M1127.915 817.658h9.302v-3.166h-9.302v-4.083h10.008v-3.166h-13.747v18.612h14.1v-3.166h-10.361v-5.030z",
          "M1175.54 817.659c3.247-0.503 4.887-2.219 4.887-5.178 0.093-0.791-0.023-1.594-0.349-2.323-0.314-0.73-0.826-1.358-1.478-1.82-1.687-0.847-3.561-1.224-5.446-1.095h-7.889v18.612h3.747v-7.782h0.733c0.791-0.049 1.594 0.093 2.327 0.414 0.547 0.337 1.001 0.804 1.327 1.361l4.061 5.918h4.468l-2.269-3.64c-1.001-1.797-2.409-3.328-4.119-4.468zM1171.77 815.085h-2.758v-4.675h2.944c1.28-0.104 2.572 0.047 3.793 0.443 0.268 0.241 0.489 0.54 0.628 0.875s0.209 0.698 0.186 1.062c-0.012 0.363-0.116 0.719-0.279 1.039-0.175 0.32-0.419 0.598-0.71 0.811-1.233 0.377-2.513 0.527-3.805 0.445z",
          "M1211.462 817.658h9.263v-3.166h-9.263v-4.083h10.007v-3.166h-13.777v18.612h14.127v-3.166h-10.356v-5.030z"
        ],
        "attrs": [],
        "width": 1955,
        "isMulticolor": false,
        "isMulticolor2": false,
        "grid": 0,
        "tags": [
          "Client 2 (1)"
        ],
        "colorPermutations": {
          "14214315312442442531464766177902291": []
        }
      },
      "attrs": [],
      "properties": {
        "order": 142,
        "id": 12,
        "name": "Client-2-1",
        "prevSize": 32
      },
      "setIdx": 1,
      "setId": 2,
      "iconIdx": 1
    },
    {
      "icon": {
        "paths": [
          "M800.696 758.962c0.187 0.003 0.372 0.041 0.543 0.106 0.171 0.066 0.325 0.161 0.453 0.278l2.569 2.416c-1.994 1.955-4.459 3.518-7.227 4.584-3.24 1.162-6.733 1.723-10.246 1.647-3.301 0.058-6.582-0.465-9.636-1.537-2.755-0.984-5.231-2.463-7.26-4.337-2.069-1.943-3.664-4.219-4.689-6.697-1.122-2.761-1.677-5.668-1.637-8.591-0.047-2.942 0.553-5.866 1.766-8.619 1.122-2.493 2.815-4.77 4.978-6.697 2.193-1.891 4.817-3.376 7.709-4.365 3.164-1.047 6.533-1.57 9.926-1.537 3.151-0.065 6.286 0.411 9.218 1.4 2.544 0.944 4.879 2.253 6.906 3.87l-2.153 2.58c-0.149 0.182-0.333 0.34-0.546 0.467-0.254 0.149-0.561 0.218-0.867 0.193-0.334-0.020-0.655-0.115-0.932-0.275l-1.157-0.687-1.606-0.879c-0.694-0.326-1.413-0.61-2.152-0.851-0.953-0.291-1.93-0.521-2.923-0.687-1.26-0.198-2.541-0.29-3.823-0.275-2.444-0.026-4.867 0.367-7.131 1.153-2.111 0.728-4.016 1.833-5.589 3.238-1.601 1.495-2.836 3.25-3.629 5.161-0.905 2.185-1.351 4.489-1.317 6.807-0.038 2.353 0.407 4.694 1.317 6.917 0.783 1.893 1.994 3.638 3.565 5.133 1.471 1.394 3.294 2.482 5.332 3.184 2.097 0.742 4.347 1.116 6.616 1.098 1.311 0.016 2.622-0.057 3.919-0.22 2.118-0.221 4.15-0.849 5.943-1.84 0.898-0.506 1.748-1.075 2.537-1.701 0.33-0.269 0.765-0.426 1.221-0.439z",
          "M874.893 746.825c0.041 2.911-0.548 5.805-1.734 8.535-1.047 2.476-2.696 4.735-4.838 6.628-2.143 1.892-4.73 3.375-7.593 4.351-6.288 2.049-13.24 2.049-19.528 0-2.844-0.991-5.414-2.477-7.549-4.365-2.141-1.926-3.803-4.204-4.883-6.697-2.313-5.527-2.313-11.57 0-17.098 1.096-2.493 2.754-4.778 4.883-6.723 2.152-1.828 4.721-3.257 7.549-4.2 6.28-2.086 13.248-2.086 19.528 0 2.853 0.99 5.435 2.476 7.581 4.364 2.114 1.908 3.763 4.157 4.85 6.614 1.189 2.749 1.778 5.661 1.734 8.591zM868.148 746.825c0.050-2.33-0.363-4.65-1.221-6.862-0.72-1.894-1.89-3.641-3.437-5.132-1.506-1.41-3.361-2.517-5.428-3.238-4.57-1.501-9.628-1.501-14.196 0-2.069 0.721-3.923 1.828-5.428 3.238-1.569 1.481-2.751 3.23-3.469 5.132-1.635 4.468-1.635 9.256 0 13.723 0.725 1.899 1.906 3.647 3.469 5.133 1.508 1.402 3.362 2.498 5.428 3.212 4.577 1.462 9.619 1.462 14.196 0 2.067-0.713 3.92-1.809 5.428-3.212 1.541-1.494 2.71-3.241 3.437-5.133 0.862-2.211 1.274-4.531 1.221-6.861z",
          "M925.516 754.021l0.674 1.537c0.257-0.549 0.482-1.043 0.739-1.537 0.246-0.515 0.524-1.019 0.835-1.509l16.413-25.494c0.321-0.439 0.611-0.713 0.932-0.796 0.436-0.113 0.893-0.159 1.349-0.137h4.85v41.466h-5.75v-30.488c0-0.384 0-0.824 0-1.29-0.031-0.475-0.031-0.952 0-1.427l-16.51 25.85c-0.209 0.387-0.545 0.716-0.967 0.944-0.421 0.229-0.911 0.349-1.41 0.347h-0.931c-0.5 0.006-0.991-0.113-1.414-0.342s-0.758-0.559-0.963-0.948l-16.991-26.014c0 0.493 0 0.988 0 1.481 0 0.495 0 0.933 0 1.317v30.488h-5.556v-41.384h4.85c0.455-0.022 0.912 0.024 1.349 0.137 0.398 0.169 0.716 0.45 0.899 0.796l16.767 25.522c0.329 0.471 0.609 0.967 0.835 1.481z",
          "M987.284 751.962v15.531h-6.424v-41.409h14.326c2.704-0.044 5.4 0.261 7.998 0.905 2.079 0.504 4.008 1.384 5.654 2.58 1.427 1.122 2.526 2.512 3.212 4.061 0.759 1.69 1.129 3.487 1.091 5.297 0.029 1.816-0.376 3.618-1.188 5.296-0.771 1.59-1.958 3.007-3.469 4.144-1.648 1.246-3.585 2.182-5.686 2.745-2.501 0.682-5.117 1.007-7.741 0.96l-7.773-0.109zM987.284 747.515h7.773c1.688 0.019 3.369-0.194 4.978-0.631 1.328-0.382 2.552-0.989 3.598-1.784 0.965-0.76 1.712-1.698 2.184-2.744 0.526-1.107 0.788-2.291 0.77-3.485 0.076-1.152-0.144-2.303-0.643-3.373-0.499-1.072-1.266-2.036-2.247-2.829-2.454-1.637-5.537-2.43-8.64-2.223h-7.773v17.068z",
          "M1073.623 767.55h-5.076c-0.509 0.016-1.009-0.12-1.413-0.385-0.364-0.258-0.65-0.588-0.835-0.96l-4.368-10.018h-21.938l-4.529 10.018c-0.166 0.367-0.443 0.688-0.803 0.933-0.408 0.28-0.922 0.427-1.445 0.412h-5.076l19.272-41.47h6.682l19.529 41.47zM1041.823 752.152h18.117l-7.645-16.879c-0.584-1.27-1.067-2.572-1.445-3.897l-0.739 2.168c-0.225 0.659-0.482 1.263-0.706 1.756l-7.581 16.852z",
          "M1101.376 726.272c0.384 0.18 0.714 0.434 0.963 0.741l28.105 31.26c0-0.495 0-0.988 0-1.455s0-0.933 0-1.372v-29.367h5.75v41.47h-3.212c-0.456 0.012-0.909-0.073-1.317-0.247-0.397-0.198-0.746-0.46-1.027-0.769l-28.073-31.232c0.030 0.476 0.030 0.952 0 1.427 0 0.467 0 0.879 0 1.263v29.559h-5.75v-41.47h3.405c0.397-0.009 0.791 0.057 1.155 0.192z",
          "M1183.535 751.055v16.467h-6.423v-16.467l-17.759-24.975h5.751c0.5-0.024 0.989 0.101 1.385 0.357 0.349 0.266 0.64 0.582 0.861 0.933l11.113 16.109c0.454 0.687 0.838 1.317 1.164 1.921 0.314 0.604 0.57 1.18 0.803 1.757l0.826-1.784c0.314-0.653 0.687-1.286 1.094-1.894l10.961-16.22c0.221-0.323 0.5-0.619 0.826-0.877 0.384-0.285 0.884-0.432 1.385-0.412h5.818l-17.804 25.085z",
          "M922.335 656.489c2.794 0.301 5.62 0.549 8.479 0.768 43.341-16.564 80.005-43.677 105.41-77.947 25.405-34.27 38.424-74.178 37.43-114.736l-47.763-40.81c9.712 43.181 5.169 87.82-13.12 128.92s-49.602 77.042-90.437 103.805z",
          "M905.28 654.591l1.285 0.22c43.635-26.667 76.904-63.906 95.502-106.9 18.6-42.995 21.673-89.768 8.825-134.271l-68.031-58.125c27.517 47.778 38.592 101.247 31.939 154.191s-30.761 103.187-69.52 144.884z",
          "M1136.001 512.493c-11.558 44.563-39.629 84.752-80.044 114.603-11.804 8.766-24.535 16.575-38.031 23.326 32.91-8.264 63.159-22.876 88.414-42.708 25.256-19.831 44.843-44.353 57.252-71.675l-27.591-23.546z",
          "M1125.176 505.93l-39.283-33.564c-0.751 38.266-13.483 75.663-36.874 108.302-23.39 32.64-56.586 59.331-96.136 77.3h0.193c8.813-0.003 17.619-0.453 26.37-1.345 36.962-12.89 69.613-33.396 95.042-59.691 25.428-26.295 42.843-57.558 50.688-91.002z",
          "M910.966 331.005l-46.864-40.095c-41.894 13.832-77.925 38.149-103.377 69.766-25.451 31.618-39.139 69.065-39.269 107.439v0c0.157 42.403 16.861 83.549 47.468 116.927 30.607 33.379 73.37 57.082 121.517 67.359 42.982-44.743 68.147-100.030 71.838-157.827s-14.284-115.095-51.313-163.568z",
          "M1233.455 499.756c-0.175-50.307-23.633-98.513-65.268-134.087-41.638-35.574-98.060-55.622-156.941-55.767-27.208-0.024-54.186 4.266-79.562 12.651l286.935 245.154c9.821-21.67 14.848-44.71 14.836-67.951z"
        ],
        "attrs": [],
        "width": 1955,
        "isMulticolor": false,
        "isMulticolor2": false,
        "grid": 0,
        "tags": [
          "Client 3 (1)"
        ],
        "colorPermutations": {
          "14214315312442442531464766177902291": []
        }
      },
      "attrs": [],
      "properties": {
        "order": 141,
        "id": 11,
        "name": "Client-3-1",
        "prevSize": 32
      },
      "setIdx": 1,
      "setId": 2,
      "iconIdx": 2
    },
    {
      "icon": {
        "paths": [
          "M652.546 436.572h-0.034c-27.76 0-50.264 20.29-50.264 45.318v0.030c0 25.027 22.505 45.317 50.264 45.317h0.034c27.76 0 50.264-20.289 50.264-45.317v-0.030c0-25.027-22.505-45.318-50.264-45.318z",
          "M1023.551 422.086c-0.078-34.764-15.427-68.083-42.688-92.667s-64.213-38.43-102.77-38.509v0c-38.569 0.063-75.537 13.903-102.812 38.488-27.276 24.586-42.633 57.914-42.712 92.688v191.7c0 0 290.95-29.217 290.982-191.671v-0.029z",
          "M500.364 676.705c0.070 24.189 10.755 47.369 29.723 64.476s44.674 26.749 71.502 26.819c26.822-0.071 52.523-9.708 71.489-26.809s29.656-40.273 29.736-64.456v-133.389c0 0-202.449 20.345-202.449 133.359zM601.588 700.605c-5.243 0-10.368-1.402-14.727-4.029-4.359-2.625-7.757-6.358-9.763-10.725s-2.531-9.173-1.508-13.809c1.023-4.636 3.547-8.894 7.254-12.237 3.707-3.342 8.431-5.618 13.573-6.541 5.142-0.922 10.472-0.448 15.315 1.36 4.844 1.809 8.983 4.872 11.896 8.803 2.913 3.93 4.467 8.55 4.467 13.277 0.014 3.146-0.662 6.264-1.989 9.174-1.327 2.909-3.277 5.555-5.739 7.784-2.463 2.228-5.39 3.997-8.612 5.204s-6.678 1.828-10.167 1.828v-0.090z",
          "M786.722 657.629v49.636h-10.227v-49.636h10.227zM806.494 678.834v7.977h-22.568v-7.977h22.568zM808.881 657.629v8.012h-24.954v-8.012h24.954zM855.586 681.288v2.353c0 3.773-0.512 7.159-1.535 10.159s-2.466 5.558-4.33 7.671c-1.863 2.091-4.090 3.693-6.682 4.807-2.568 1.114-5.42 1.67-8.556 1.67-3.114 0-5.966-0.556-8.557-1.67-2.568-1.114-4.795-2.716-6.682-4.807-1.886-2.113-3.352-4.671-4.397-7.671-1.023-3-1.535-6.386-1.535-10.159v-2.353c0-3.796 0.512-7.182 1.535-10.159 1.023-3 2.466-5.558 4.329-7.671 1.887-2.113 4.115-3.727 6.683-4.841 2.59-1.114 5.442-1.671 8.556-1.671 3.137 0 5.989 0.557 8.557 1.671 2.59 1.114 4.817 2.728 6.682 4.841 1.886 2.113 3.341 4.671 4.364 7.671 1.045 2.977 1.569 6.363 1.569 10.159zM845.256 683.641v-2.42c0-2.637-0.239-4.955-0.717-6.955-0.477-2-1.181-3.682-2.113-5.046s-2.068-2.387-3.409-3.069c-1.341-0.704-2.874-1.057-4.602-1.057-1.727 0-3.262 0.353-4.602 1.057-1.318 0.682-2.442 1.705-3.375 3.069-0.91 1.364-1.602 3.045-2.079 5.046-0.478 2-0.717 4.318-0.717 6.955v2.42c0 2.614 0.239 4.931 0.717 6.954 0.477 2 1.181 3.693 2.113 5.079 0.932 1.364 2.068 2.398 3.409 3.102 1.341 0.705 2.874 1.058 4.602 1.058 1.727 0 3.262-0.353 4.602-1.058 1.341-0.704 2.466-1.738 3.375-3.102 0.91-1.386 1.602-3.079 2.079-5.079 0.478-2.022 0.717-4.34 0.717-6.954zM888.79 694.277c0-0.886-0.136-1.681-0.41-2.385-0.25-0.727-0.727-1.387-1.431-1.978-0.705-0.613-1.693-1.216-2.966-1.806-1.273-0.591-2.921-1.206-4.943-1.841-2.25-0.727-4.387-1.546-6.409-2.455-2-0.909-3.773-1.965-5.318-3.17-1.523-1.228-2.728-2.648-3.614-4.262-0.863-1.613-1.295-3.489-1.295-5.625 0-2.068 0.455-3.942 1.364-5.625 0.909-1.704 2.182-3.158 3.818-4.364 1.636-1.226 3.568-2.17 5.796-2.829 2.249-0.66 4.715-0.989 7.397-0.989 3.658 0 6.853 0.66 9.579 1.977 2.728 1.318 4.842 3.126 6.342 5.421 1.522 2.295 2.283 4.92 2.283 7.874h-10.159c0-1.455-0.307-2.728-0.92-3.818-0.591-1.114-1.5-1.989-2.728-2.625-1.204-0.637-2.728-0.954-4.568-0.954-1.772 0-3.25 0.272-4.431 0.818-1.182 0.522-2.068 1.238-2.659 2.148-0.591 0.886-0.887 1.886-0.887 3 0 0.84 0.205 1.602 0.613 2.284 0.432 0.682 1.068 1.317 1.91 1.908s1.875 1.149 3.102 1.671c1.228 0.522 2.647 1.033 4.261 1.534 2.704 0.818 5.079 1.738 7.125 2.761 2.068 1.023 3.796 2.17 5.182 3.443 1.387 1.273 2.432 2.716 3.137 4.33 0.704 1.614 1.057 3.443 1.057 5.489 0 2.159-0.421 4.090-1.261 5.795-0.841 1.705-2.057 3.148-3.648 4.33-1.591 1.181-3.489 2.079-5.694 2.693-2.204 0.614-4.67 0.92-7.397 0.92-2.454 0-4.874-0.318-7.261-0.954-2.387-0.659-4.557-1.648-6.512-2.966-1.932-1.318-3.477-3-4.636-5.046s-1.738-4.466-1.738-7.261h10.261c0 1.545 0.239 2.852 0.716 3.92s1.147 1.932 2.012 2.591c0.886 0.659 1.932 1.136 3.136 1.431 1.228 0.296 2.568 0.443 4.023 0.443 1.772 0 3.227-0.25 4.364-0.749 1.159-0.5 2.012-1.194 2.557-2.081 0.569-0.886 0.853-1.886 0.853-3zM928.165 657.629v49.636h-10.193v-49.636h10.193zM943.438 657.629v8.012h-40.5v-8.012h40.5zM982.573 699.288v7.977h-26.42v-7.977h26.42zM959.494 657.629v49.636h-10.227v-49.636h10.227zM979.13 677.845v7.773h-22.977v-7.773h22.977zM982.54 657.629v8.012h-26.387v-8.012h26.387zM988.539 657.629h18.512c3.795 0 7.056 0.568 9.784 1.705 2.75 1.137 4.863 2.818 6.341 5.046s2.216 4.966 2.216 8.215c0 2.66-0.454 4.944-1.364 6.853-0.886 1.886-2.147 3.466-3.784 4.738-1.613 1.251-3.511 2.25-5.693 3.001l-3.238 1.704h-16.091l-0.069-7.977h11.966c1.795 0 3.284-0.319 4.466-0.954 1.182-0.637 2.068-1.523 2.659-2.66 0.614-1.136 0.92-2.454 0.92-3.954 0-1.591-0.296-2.966-0.886-4.125-0.591-1.159-1.489-2.046-2.694-2.659s-2.716-0.92-4.534-0.92h-8.285v41.624h-10.227v-49.636zM1016.29 707.265l-11.319-22.124 10.808-0.069 11.454 21.716v0.477h-10.943zM1069.983 689.572h-12.649v-7.977h12.649c1.954 0 3.544-0.319 4.772-0.954 1.228-0.66 2.125-1.569 2.694-2.728 0.568-1.159 0.852-2.466 0.852-3.92 0-1.478-0.284-2.853-0.852-4.125-0.569-1.273-1.466-2.296-2.694-3.069s-2.818-1.159-4.772-1.159h-9.103v41.624h-10.227v-49.636h19.33c3.885 0 7.216 0.705 9.989 2.114 2.795 1.386 4.931 3.306 6.408 5.761 1.478 2.454 2.217 5.261 2.217 8.42 0 3.205-0.739 5.978-2.217 8.318-1.477 2.341-3.613 4.148-6.408 5.421-2.773 1.272-6.103 1.908-9.989 1.908zM1128.96 699.288v7.977h-26.42v-7.977h26.42zM1105.88 657.629v49.636h-10.227v-49.636h10.227zM1125.517 677.845v7.773h-22.977v-7.773h22.977zM1128.926 657.629v8.012h-26.387v-8.012h26.387zM1157.801 657.629v49.636h-10.192v-49.636h10.192zM1173.073 657.629v8.012h-40.499v-8.012h40.499zM1212.207 699.288v7.977h-26.415v-7.977h26.415zM1189.132 657.629v49.636h-10.228v-49.636h10.228zM1208.762 677.845v7.773h-22.97v-7.773h22.97zM1212.172 657.629v8.012h-26.38v-8.012h26.38zM1218.176 657.629h18.513c3.793 0 7.052 0.568 9.786 1.705 2.746 1.137 4.864 2.818 6.342 5.046s2.211 4.966 2.211 8.215c0 2.66-0.454 4.944-1.361 6.853-0.884 1.886-2.153 3.466-3.782 4.738-1.617 1.251-3.514 2.25-5.702 3.001l-3.235 1.704h-16.093l-0.070-7.977h11.974c1.792 0 3.281-0.319 4.457-0.954 1.187-0.637 2.071-1.523 2.665-2.66 0.617-1.136 0.919-2.454 0.919-3.954 0-1.591-0.291-2.966-0.884-4.125s-1.489-2.046-2.7-2.659c-1.199-0.613-2.711-0.92-4.527-0.92h-8.285v41.624h-10.228v-49.636zM1245.929 707.265l-11.322-22.124 10.81-0.069 11.45 21.716v0.477h-10.938zM1288.739 694.277c0-0.886-0.128-1.681-0.407-2.385-0.244-0.727-0.721-1.387-1.431-1.978-0.698-0.613-1.687-1.216-2.967-1.806-1.268-0.591-2.921-1.206-4.934-1.841-2.257-0.727-4.387-1.546-6.412-2.455-2.001-0.909-3.77-1.965-5.318-3.17-1.524-1.228-2.735-2.648-3.619-4.262-0.861-1.613-1.292-3.489-1.292-5.625 0-2.068 0.454-3.942 1.361-5.625 0.908-1.704 2.188-3.158 3.817-4.364 1.641-1.226 3.572-2.17 5.795-2.829 2.257-0.66 4.724-0.989 7.401-0.989 3.654 0 6.854 0.66 9.577 1.977 2.735 1.318 4.841 3.126 6.342 5.421 1.524 2.295 2.281 4.92 2.281 7.874h-10.159c0-1.455-0.303-2.728-0.919-3.818-0.582-1.114-1.501-1.989-2.723-2.625-1.21-0.637-2.723-0.954-4.573-0.954-1.769 0-3.247 0.272-4.433 0.818-1.175 0.522-2.060 1.238-2.653 2.148-0.593 0.886-0.884 1.886-0.884 3 0 0.84 0.198 1.602 0.617 2.284 0.431 0.682 1.059 1.317 1.908 1.908 0.838 0.591 1.873 1.149 3.095 1.671 1.233 0.522 2.653 1.033 4.259 1.534 2.711 0.818 5.085 1.738 7.133 2.761 2.060 1.023 3.793 2.17 5.178 3.443s2.432 2.716 3.142 4.33c0.698 1.614 1.047 3.443 1.047 5.489 0 2.159-0.419 4.090-1.257 5.795s-2.060 3.148-3.654 4.33c-1.583 1.181-3.479 2.079-5.69 2.693-2.199 0.614-4.666 0.92-7.401 0.92-2.444 0-4.864-0.318-7.261-0.954-2.385-0.659-4.55-1.648-6.505-2.966-1.932-1.318-3.479-3-4.643-5.046-1.152-2.046-1.734-4.466-1.734-7.261h10.263c0 1.545 0.233 2.852 0.71 3.92s1.152 1.932 2.013 2.591c0.884 0.659 1.932 1.136 3.142 1.431 1.222 0.296 2.56 0.443 4.015 0.443 1.78 0 3.235-0.25 4.364-0.749 1.164-0.5 2.013-1.194 2.56-2.081 0.57-0.886 0.849-1.886 0.849-3z"
        ],
        "attrs": [],
        "width": 1955,
        "isMulticolor": false,
        "isMulticolor2": false,
        "grid": 0,
        "tags": [
          "Client 4 (1)"
        ],
        "colorPermutations": {
          "14214315312442442531464766177902291": []
        }
      },
      "attrs": [],
      "properties": {
        "order": 140,
        "id": 10,
        "name": "Client-4-1",
        "prevSize": 32
      },
      "setIdx": 1,
      "setId": 2,
      "iconIdx": 3
    },
    {
      "icon": {
        "paths": [
          "M684.124 702.522c2.857 3.183 4.378 7.169 4.298 11.261 0.145 2.668-0.378 5.332-1.53 7.794-1.153 2.462-2.907 4.659-5.13 6.429-5.549 3.773-12.423 5.617-19.362 5.193h-34.036v-71.359h33.339c6.582-0.393 13.111 1.282 18.472 4.742 2.153 1.622 3.857 3.672 4.98 5.989 1.122 2.317 1.63 4.837 1.486 7.361 0.195 3.937-1.178 7.807-3.873 10.911-2.587 2.836-6.161 4.801-10.145 5.578 4.515 0.741 8.591 2.903 11.5 6.1zM644.201 691.75h14.25c3.238 0.216 6.456-0.626 9.061-2.37 1.069-0.873 1.903-1.956 2.433-3.165s0.745-2.511 0.626-3.806c0.1-1.292-0.119-2.587-0.64-3.792-0.522-1.206-1.336-2.291-2.381-3.18-2.683-1.794-6-2.648-9.331-2.405h-14.018v18.719zM668.906 719.116c1.144-0.894 2.042-2.012 2.627-3.27 0.584-1.258 0.838-2.621 0.741-3.981 0.087-1.377-0.178-2.752-0.776-4.022-0.597-1.27-1.51-2.398-2.671-3.299-2.787-1.861-6.216-2.774-9.68-2.58h-14.947v19.626h15.141c3.407 0.177 6.781-0.696 9.564-2.475z",
          "M752.276 733.199l-18.548-27.888h-6.97v27.888h-15.953v-71.359h30.203c7.614-0.478 15.14 1.693 21.027 6.066 4.222 3.873 6.768 8.976 7.18 14.39 0.412 5.414-1.338 10.782-4.934 15.138-3.727 3.842-8.817 6.405-14.405 7.251l19.748 28.515h-17.347zM726.757 695.586h13.050c9.060 0 13.591-3.603 13.591-10.807 0.092-1.472-0.156-2.944-0.73-4.324-0.573-1.38-1.459-2.638-2.601-3.695-2.864-2.143-6.551-3.184-10.261-2.893h-13.205l0.155 21.718z",
          "M839.478 718.839h-31.791l-5.616 14.362h-16.727l29.197-70.557h18.083l29.080 70.557h-16.728l-5.498-14.362zM835.219 708.032l-11.618-30.12-11.617 30.12h23.234z",
          "M948.636 733.2h-15.837l-35.508-48.526v48.526h-15.799v-71.359h15.799l35.508 48.804v-48.804h15.837v71.359z",
          "M1039.014 716.119c-3.274 5.388-8.264 9.77-14.328 12.584-6.893 3.135-14.544 4.68-22.265 4.497h-28.19v-71.359h28.19c7.707-0.182 15.348 1.327 22.265 4.393 6.063 2.75 11.057 7.089 14.328 12.445 3.259 5.803 4.958 12.216 4.958 18.719s-1.699 12.916-4.958 18.721zM1020.892 714.411c4.52-4.741 7.005-10.782 7.005-17.030s-2.486-12.288-7.005-17.029c-5.463-4.294-12.588-6.474-19.826-6.066h-10.996v46.189h10.996c7.238 0.408 14.363-1.771 19.826-6.065z",
          "M849.391 264.922c0 0 204.415 69.477 200.078 170.014v170.048c0 0-204.26-69.511-200-170.048l-0.078-170.014z",
          "M1231.581 565.171c38.609-23.919 83.258-38.733 129.873-43.087v-53.232c-53.713 18.636-99.27 52.428-129.873 96.319z",
          "M1208.39 581.211c31.593-57.28 86.377-101.481 153.065-123.511v-153.385c0 0-291.115 98.968-284.958 242.139v242.105c0 0 12.972-4.428 33.379-12.724 0-7.738 0-15.547 0.93-23.391 6.025-66.467 41.124-128.058 97.585-171.233z",
          "M1180.695 671.149c1.536-16.79 4.945-33.399 10.193-49.571-35.159 37.285-56.448 83.551-60.877 132.294-0.426 4.602-0.659 9.203-0.775 13.945 16.535-7.147 35.784-16.071 55.997-26.563-5.167-23.061-6.691-46.661-4.538-70.104z",
          "M1192.273 672.022c-1.932 21.21-0.721 42.558 3.607 63.48 79.535-42.843 168.902-109.043 165.457-189.047v-6.973c-56.82 5.724-109.987 28.088-151.331 63.654-9.67 22.042-15.651 45.257-17.734 68.885z"
        ],
        "attrs": [],
        "width": 1955,
        "isMulticolor": false,
        "isMulticolor2": false,
        "grid": 0,
        "tags": [
          "Client 5 (1)"
        ],
        "colorPermutations": {
          "14214315312442442531464766177902291": []
        }
      },
      "attrs": [],
      "properties": {
        "order": 139,
        "id": 9,
        "name": "Client-5-1",
        "prevSize": 32
      },
      "setIdx": 1,
      "setId": 2,
      "iconIdx": 4
    },
    {
      "icon": {
        "paths": [
          "M995.25 505.522c-5.167-6.876-7.638-15-7.052-23.18v-33.607c0-10.302 2.338-18.131 7.012-23.487 4.675-5.356 12.705-8.022 24.088-8 10.697 0 18.291 2.28 22.781 6.838 4.898 5.816 7.281 12.929 6.735 20.103v7.898h-19.136v-8c0.069-2.619-0.118-5.238-0.554-7.829-0.276-1.772-1.239-3.412-2.733-4.65-1.965-1.335-4.44-1.982-6.934-1.812-2.622-0.169-5.221 0.513-7.289 1.914-1.667 1.372-2.779 3.17-3.17 5.128-0.549 2.743-0.801 5.524-0.753 8.307v40.787c-0.301 3.934 0.542 7.872 2.456 11.453 0.952 1.213 2.274 2.173 3.819 2.776 1.545 0.603 3.254 0.826 4.936 0.642 2.452 0.175 4.884-0.489 6.775-1.846 1.559-1.336 2.562-3.078 2.853-4.957 0.447-2.707 0.646-5.439 0.593-8.171v-8.273h19.136v7.555c0.538 7.478-1.787 14.902-6.616 21.128-4.397 4.991-11.885 7.487-22.899 7.487s-19.334-2.666-24.049-8.205z",
          "M1074.924 505.864c-4.833-5.231-7.249-12.855-7.249-22.94v-35.351c0-9.983 2.417-17.538 7.249-22.666 4.834-5.128 12.916-7.68 24.247-7.658 11.251 0 19.294 2.553 24.127 7.658 4.834 5.128 7.29 12.684 7.29 22.666v35.351c0 9.983-2.456 17.641-7.369 22.905-4.913 5.265-12.915 7.898-24.048 7.898s-19.373-2.666-24.247-7.863zM1108.084 497.385c1.731-3.276 2.519-6.865 2.298-10.461v-43.281c0.222-3.527-0.553-7.047-2.259-10.256-0.97-1.238-2.325-2.214-3.907-2.818-1.584-0.605-3.331-0.813-5.046-0.6-1.719-0.207-3.471 0.003-5.059 0.607s-2.95 1.577-3.934 2.811c-1.742 3.2-2.532 6.726-2.297 10.256v43.486c-0.241 3.598 0.548 7.19 2.297 10.462 1.116 1.102 2.493 1.986 4.037 2.593 1.544 0.605 3.221 0.918 4.918 0.918s3.373-0.313 4.918-0.918c1.544-0.606 2.921-1.491 4.035-2.593v-0.206z",
          "M1153.603 418.281h20.599l15.488 65.224 15.849-65.224h20.049l2.025 94.144h-14.825l-1.583-65.429-15.29 65.429h-11.881l-15.849-65.669-1.466 65.669h-14.978l1.862-94.144z",
          "M1250.711 418.281h32.093c18.479 0 27.729 8.911 27.729 26.732 0 17.069-9.74 25.593-29.196 25.57h-10.938v41.842h-19.805l0.116-94.144zM1278.127 458.516c1.955 0.214 3.945 0.059 5.83-0.454 1.873-0.513 3.607-1.373 5.062-2.52 2.269-3.179 3.27-6.913 2.851-10.631 0.105-2.872-0.209-5.744-0.943-8.546-0.291-0.937-0.78-1.814-1.466-2.583-0.675-0.769-1.524-1.413-2.502-1.896-2.746-1.138-5.783-1.655-8.832-1.503h-7.692v28.133h7.692z",
          "M1339.101 418.281h21.271l21.83 94.144h-18.467l-4.317-21.708h-18.979l-4.433 21.708h-18.735l21.83-94.144zM1357.277 479.813l-7.401-39.517-7.412 39.517h14.813z",
          "M1399.831 418.281h13.871l26.543 53.704v-53.704h16.442v94.144h-13.196l-26.705-56.063v56.063h-16.989l0.035-94.144z",
          "M1495.191 476.528l-22.063-58.115h18.583l13.463 37.331 12.637-37.331h18.188l-21.795 58.115v35.895h-19.014v-35.895z",
          "M1025.837 553.584v4.923h-16.164v38.255h-6.775v-38.255h-16.244v-4.923h39.183z",
          "M1076.507 596.764h-5.229c-0.531 0.029-1.055-0.118-1.466-0.41-0.396-0.25-0.698-0.595-0.872-0.991l-4.674-10.255h-22.424l-4.675 10.255c-0.133 0.429-0.376 0.826-0.712 1.162-0.415 0.286-0.937 0.432-1.466 0.41h-5.229l19.809-43.176h6.893l20.047 43.005zM1043.703 580.731h18.701l-7.924-17.571c-0.584-1.329-1.074-2.687-1.466-4.068-0.277 0.82-0.514 1.607-0.753 2.291l-0.712 1.812-7.845 17.536z",
          "M1110.658 592.526c1.24 0.056 2.483 0.056 3.724 0 1.072-0.095 2.132-0.268 3.17-0.513 0.97-0.206 1.923-0.468 2.853-0.787 0.872-0.307 1.743-0.683 2.654-1.060v-9.709h-7.924c-0.195 0.009-0.392-0.016-0.576-0.074-0.184-0.059-0.351-0.15-0.493-0.268-0.13-0.097-0.233-0.218-0.301-0.354s-0.101-0.284-0.094-0.433v-3.316h15.372v16.548c-1.254 0.775-2.58 1.46-3.962 2.051-1.413 0.602-2.885 1.094-4.397 1.47-1.62 0.412-3.277 0.709-4.952 0.889-1.921 0.184-3.852 0.276-5.784 0.273-3.416 0.026-6.807-0.52-9.984-1.607-2.966-1.029-5.661-2.563-7.923-4.513-2.206-1.969-3.942-4.291-5.111-6.838-1.249-2.863-1.866-5.901-1.822-8.958-0.042-3.078 0.562-6.135 1.783-9.026 1.139-2.559 2.879-4.887 5.111-6.838 2.261-1.943 4.957-3.466 7.923-4.479 3.393-1.102 6.993-1.647 10.618-1.607 1.844-0.002 3.685 0.123 5.506 0.376 1.61 0.226 3.191 0.592 4.715 1.094 1.386 0.449 2.714 1.022 3.962 1.709 1.214 0.675 2.367 1.429 3.447 2.256l-1.901 2.667c-0.149 0.243-0.371 0.448-0.643 0.592-0.271 0.144-0.583 0.223-0.902 0.228-0.439-0.012-0.865-0.13-1.229-0.342-0.593-0.273-1.228-0.614-1.941-1.025-0.842-0.456-1.73-0.845-2.654-1.162-1.181-0.408-2.401-0.73-3.646-0.958-1.659-0.263-3.344-0.39-5.032-0.376-2.614-0.024-5.208 0.382-7.646 1.196-2.204 0.763-4.191 1.93-5.823 3.42-1.642 1.552-2.896 3.379-3.685 5.368-1.77 4.675-1.77 9.716 0 14.393 0.867 2.031 2.217 3.883 3.962 5.437 1.624 1.481 3.597 2.647 5.784 3.419 2.519 0.746 5.189 1.038 7.844 0.855z",
          "M1173.807 591.838h21.632v4.923h-28.241v-43.178h6.772l-0.163 38.255z",
          "M1217.943 596.762h-6.772v-43.178h6.772v43.178z",
          "M1243.148 553.79c0.396 0.198 0.745 0.465 1.024 0.787l28.963 32.547c-0.047-0.512-0.047-1.026 0-1.538 0-0.478 0-0.958 0-1.402v-30.769h5.9v43.351h-3.409c-0.5 0.035-1.012-0.048-1.466-0.24-0.407-0.215-0.768-0.493-1.071-0.82l-28.916-32.513c0 0.512 0 0.991 0 1.47s0 0.923 0 1.334v30.77h-5.667v-43.18h3.526c0.384 0 0.768 0.070 1.117 0.205z",
          "M1328.919 553.584v4.752h-24.017v14.256h19.456v4.581h-19.456v14.735h24.017v4.751h-30.988v-43.075h30.988z",
          "M618.999 286.938l300.821 73.705v258.276l-300.821-73.671v-258.31zM599.704 264.922v292.872l339.37 83.174v-292.837l-339.37-83.209z",
          "M781.591 776.922l-339.409-83.244v-292.841l339.409 83.209v292.876z",
          "M605.329 283.621l296.898 72.781-126.263 108.984-296.938-72.816 126.302-108.949zM599.703 264.922l-157.521 135.922 339.409 83.207 157.482-135.921-339.37-83.208z",
          "M800.688 760.447l138.385-119.443-138.385-33.946v153.388z"
        ],
        "attrs": [],
        "width": 1955,
        "isMulticolor": false,
        "isMulticolor2": false,
        "grid": 0,
        "tags": [
          "Client 6 (1)"
        ],
        "colorPermutations": {
          "14214315312442442531464766177902291": []
        }
      },
      "attrs": [],
      "properties": {
        "order": 138,
        "id": 8,
        "name": "Client-6-1",
        "prevSize": 32
      },
      "setIdx": 1,
      "setId": 2,
      "iconIdx": 5
    },
    {
      "icon": {
        "paths": [
          "M984.741 707.123l-270.182-272.162 29.986-147.696c7.738 3.021 15.965 4.6 24.269 4.659h0.205c38.154 0.451 69.446-30.112 69.899-68.264s-30.112-69.446-68.264-69.899c-38.154-0.45-69.446 30.112-69.899 68.265-0.096 8.163 1.254 16.278 3.992 23.971l-158.72 19.371-258.902-260.25c-3.176-3.241-7.512-5.084-12.050-5.12-4.48 0.023-8.77 1.807-11.946 4.966l-48.402 48.128c-6.662 6.664-6.662 17.468 0 24.132l26.043 26.419c-100.897 185.533-68.125 415.29 80.624 565.213 1.365 1.306 2.947 2.362 4.675 3.123-1.075 5.776-1.635 11.635-1.672 17.51v197.974h-204.8c-47.104 0.054-85.278 38.229-85.333 85.333v34.133c0 9.426 7.642 17.067 17.067 17.067h785.066c9.426 0 17.067-7.642 17.067-17.067v-34.133c-0.056-47.104-38.229-85.278-85.333-85.333h-204.8v-87.741c32.083 6.73 64.771 10.16 97.552 10.24 78.661-0.085 156.069-19.694 225.28-57.070l26.181 26.334c3.176 3.24 7.512 5.083 12.050 5.12 4.48-0.024 8.77-1.808 11.946-4.966l48.402-48.128c6.662-6.666 6.662-17.469 0-24.133zM744.954 199.458c13.366-13.294 34.979-13.235 48.272 0.131 13.294 13.365 13.235 34.978-0.131 48.27-6.397 6.363-15.054 9.934-24.078 9.933h-0.102c-18.85-0.098-34.054-15.458-33.957-34.31 0.048-9.024 3.666-17.659 10.064-24.024h-0.067zM704.779 311.603l-19.149 94.259-37.616-37.837 56.765-56.422zM685.392 282.744l-61.44 61.082-47.531-47.787 108.971-13.294zM768.131 921.6c28.277 0 51.2 22.923 51.2 51.2v17.067h-750.934v-17.067c0-28.277 22.923-51.2 51.2-51.2h648.534zM529.197 853.333v34.134h-170.667v-34.134h170.667zM358.53 819.2v-129.707c0-41.403 38.282-75.093 85.334-75.093s85.333 33.69 85.333 75.093v129.707h-170.667zM563.331 764.928v-75.435c0-60.227-53.59-109.226-119.467-109.226-42.595-0.653-82.424 21.027-104.995 57.155-129.846-136.762-159.086-340.646-72.915-508.388l595.259 598.671c-91.917 46.758-197.285 59.923-297.882 37.222zM924.581 743.048l-673.827-677.785 24.15-24.064 253.917 255.352c0.12 0 0.189 0.222 0.309 0.307l419.669 422.126-24.218 24.064z",
          "M444.018 648.533h-0.154c-28.277-0.043-51.234 22.846-51.277 51.123s22.846 51.234 51.123 51.277h0.154c28.277 0.043 51.234-22.846 51.277-51.123 0.042-28.277-22.846-51.234-51.123-51.277zM455.965 711.834c-3.213 3.195-7.568 4.982-12.101 4.966-9.426-0.050-17.026-7.73-16.978-17.155 0.024-4.512 1.834-8.829 5.030-12.013 3.178-3.158 7.467-4.942 11.947-4.966 9.426 0.050 17.026 7.73 16.978 17.155-0.024 4.512-1.834 8.829-5.030 12.013h0.154z"
        ],
        "attrs": [
          {
            "fill": "rgb(46, 47, 66)"
          },
          {
            "fill": "rgb(77, 90, 229)"
          }
        ],
        "isMulticolor": true,
        "isMulticolor2": false,
        "grid": 0,
        "tags": [
          "Icon 1"
        ],
        "colorPermutations": {
          "14214315312442442531464766177902291": [
            {
              "f": 0
            },
            {
              "f": 2
            }
          ]
        }
      },
      "attrs": [
        {
          "fill": "rgb(46, 47, 66)"
        },
        {
          "fill": "rgb(77, 90, 229)"
        }
      ],
      "properties": {
        "order": 137,
        "id": 3,
        "name": "Icon-1",
        "prevSize": 32
      },
      "setIdx": 1,
      "setId": 2,
      "iconIdx": 6
    },
    {
      "icon": {
        "paths": [
          "M1001.493 489.64c-0.054-270.475-219.368-489.695-489.853-489.64-270.475 0.055-489.695 219.374-489.64 489.851 0.047 213.054 137.82 401.634 340.781 466.438 1.938 0.61 3.954 0.922 5.978 0.914 3.859-0.008 7.64-1.038 10.96-3 4.32-2.555 7.547-6.618 9.062-11.406l123.68-392c33.813-0.171 61.078-27.726 60.899-61.531-0.173-33.813-27.72-61.078-61.531-60.906-9.094 0.038-18.070 2.133-26.243 6.125l-163.39-163.414c-8.109-7.829-21.024-7.602-28.851 0.499-7.642 7.915-7.642 20.446 0 28.36l163.304 163.493c-12.531 25.578-5.366 56.453 17.165 73.89l-117.845 373.531c-232.89-85.789-352.14-344.125-266.351-577.014 85.789-232.891 344.125-352.141 577.016-266.352 232.89 85.789 352.139 344.133 266.35 577.016-41.914 113.781-128.030 205.797-238.789 255.147l-12.734-59.976c-2.328-11.024-13.163-18.070-24.187-15.734-3.477 0.742-6.704 2.376-9.36 4.742l-122.781 109.618c-8.422 7.491-9.171 20.39-1.672 28.813 2.438 2.734 5.563 4.765 9.062 5.882l156.758 50.032c10.726 3.445 22.219-2.453 25.664-13.187 1.093-3.39 1.274-7 0.539-10.485l-12.515-58.851c181.258-76.414 298.944-254.149 298.523-450.853zM511.75 469.235c11.266 0 20.406 9.139 20.406 20.405 0 11.274-9.141 20.406-20.406 20.406-11.274 0-20.406-9.133-20.406-20.406 0-11.266 9.133-20.405 20.406-20.405zM578.962 944.883l69.89-62.344 19.29 90.891-89.179-28.547z",
          "M491.344 101.922v40.812c0 11.273 9.133 20.406 20.406 20.406 11.266 0 20.406-9.133 20.406-20.406v-40.812c0-11.266-9.141-20.406-20.406-20.406-11.274 0-20.406 9.141-20.406 20.406z",
          "M124.031 469.234c-11.273 0-20.406 9.141-20.406 20.406 0 11.274 9.133 20.406 20.406 20.406h40.812c11.274 0 20.406-9.133 20.406-20.406 0-11.266-9.133-20.406-20.406-20.406h-40.812z",
          "M899.459 510.046c11.274 0 20.406-9.133 20.406-20.406 0-11.266-9.133-20.406-20.406-20.406h-40.811c-11.266 0-20.406 9.141-20.406 20.406 0 11.274 9.141 20.406 20.406 20.406h40.811z"
        ],
        "attrs": [
          {
            "fill": "rgb(46, 47, 66)"
          },
          {
            "fill": "rgb(77, 90, 229)"
          },
          {
            "fill": "rgb(77, 90, 229)"
          },
          {
            "fill": "rgb(77, 90, 229)"
          }
        ],
        "isMulticolor": true,
        "isMulticolor2": false,
        "grid": 0,
        "tags": [
          "Icon 2"
        ],
        "colorPermutations": {
          "14214315312442442531464766177902291": [
            {
              "f": 0
            },
            {
              "f": 2
            },
            {
              "f": 2
            },
            {
              "f": 2
            }
          ]
        }
      },
      "attrs": [
        {
          "fill": "rgb(46, 47, 66)"
        },
        {
          "fill": "rgb(77, 90, 229)"
        },
        {
          "fill": "rgb(77, 90, 229)"
        },
        {
          "fill": "rgb(77, 90, 229)"
        }
      ],
      "properties": {
        "order": 136,
        "id": 2,
        "name": "Icon-2",
        "prevSize": 32
      },
      "setIdx": 1,
      "setId": 2,
      "iconIdx": 7
    },
    {
      "icon": {
        "paths": [
          "M477.618 478.867h34.115v153.52h-34.115v-153.52z",
          "M614.078 547.098h34.115v85.29h-34.115v-85.29z",
          "M341.154 598.272h34.117v34.115h-34.117v-34.115z",
          "M238.808 581.213h34.117v51.173h-34.117v-51.173z",
          "M51.173 905.31h818.771c28.261 0 51.174-22.912 51.174-51.173v-68.23c0-28.261-22.914-51.173-51.174-51.173h-17.058v-425.386l96.891-91.786c22.488 11.085 49.707 4.355 64.424-15.958 14.726-20.306 12.661-48.267-4.88-66.191s-45.443-20.598-66.074-6.33c-20.622 14.276-27.952 41.337-17.358 64.066l-73.003 69.206v-39.355c0-28.261-22.912-51.173-51.173-51.173h-682.309c-28.26 0-51.173 22.912-51.173 51.173v511.733h-17.058c-28.26 0-51.173 22.912-51.173 51.173v68.23c0 28.261 22.913 51.173 51.173 51.173zM972.291 154.771c9.419 0 17.058 7.637 17.058 17.058 0 9.419-7.638 17.058-17.058 17.058-9.421 0-17.058-7.638-17.058-17.058 0-9.421 7.637-17.058 17.058-17.058zM102.346 223.002c0-9.419 7.638-17.058 17.058-17.058h682.309c9.419 0 17.058 7.638 17.058 17.058v71.637l-34.115 32.418v-69.939c0-9.419-7.638-17.058-17.058-17.058h-614.079c-9.42 0-17.058 7.638-17.058 17.058v426.443c0 9.421 7.638 17.058 17.058 17.058h614.079c9.419 0 17.058-7.637 17.058-17.058v-309.579l34.115-32.325v393.078h-716.425v-511.733zM255.866 444.752c-23.078-0.066-43.344 15.309-49.482 37.555-6.139 22.246 3.365 45.843 23.213 57.621 19.84 11.776 45.118 8.819 61.701-7.23l59.294 29.752c6.888 3.448 15.242 1.832 20.363-3.923l126.043-141.802 123.901 92.843c6.646 4.981 15.926 4.448 21.955-1.258l107.686-102.005v260.197h-579.963v-392.328h579.963v85.131l-120.688 114.29-124.942-93.667c-7.096-5.314-17.083-4.315-22.979 2.307l-127.774 143.766-47.768-23.888c0.35-2.048 0.566-4.114 0.651-6.189 0-28.259-22.914-51.173-51.174-51.173zM272.923 495.925c0 9.421-7.637 17.059-17.058 17.059-9.419 0-17.058-7.638-17.058-17.059 0-9.419 7.638-17.058 17.058-17.058 9.421 0 17.058 7.638 17.058 17.058zM375.27 768.85h170.578v17.058c0 9.419-7.638 17.058-17.058 17.058h-136.462c-9.421 0-17.058-7.638-17.058-17.058v-17.058zM34.116 785.907c0-9.421 7.638-17.058 17.058-17.058h289.982v17.058c0 28.261 22.912 51.173 51.173 51.173h136.462c28.259 0 51.173-22.912 51.173-51.173v-17.058h289.981c9.421 0 17.058 7.637 17.058 17.058v68.23c0 9.421-7.637 17.058-17.058 17.058h-818.771c-9.42 0-17.058-7.637-17.058-17.058v-68.23z"
        ],
        "attrs": [
          {
            "fill": "rgb(77, 90, 229)"
          },
          {
            "fill": "rgb(77, 90, 229)"
          },
          {
            "fill": "rgb(77, 90, 229)"
          },
          {
            "fill": "rgb(77, 90, 229)"
          },
          {
            "fill": "rgb(46, 47, 66)"
          }
        ],
        "isMulticolor": true,
        "isMulticolor2": false,
        "grid": 0,
        "tags": [
          "Icon 3"
        ],
        "colorPermutations": {
          "14214315312442442531464766177902291": [
            {
              "f": 2
            },
            {
              "f": 2
            },
            {
              "f": 2
            },
            {
              "f": 2
            },
            {
              "f": 0
            }
          ]
        }
      },
      "attrs": [
        {
          "fill": "rgb(77, 90, 229)"
        },
        {
          "fill": "rgb(77, 90, 229)"
        },
        {
          "fill": "rgb(77, 90, 229)"
        },
        {
          "fill": "rgb(77, 90, 229)"
        },
        {
          "fill": "rgb(46, 47, 66)"
        }
      ],
      "properties": {
        "order": 135,
        "id": 1,
        "name": "Icon-3",
        "prevSize": 32
      },
      "setIdx": 1,
      "setId": 2,
      "iconIdx": 8
    },
    {
      "icon": {
        "paths": [
          "M1023.17 144.77c-2.014-6.162-7.339-10.666-13.773-11.606l-61.133-8.892-27.358-55.399c-5.734-11.674-24.866-11.674-30.6 0l-27.358 55.399-61.136 8.894c-6.434 0.938-11.757 5.428-13.789 11.606-1.997 6.178-0.342 12.97 4.317 17.494l44.256 43.13-10.445 60.894c-1.093 6.4 1.536 12.869 6.776 16.693 5.309 3.858 12.237 4.334 17.989 1.296l54.682-28.758 54.683 28.758c2.493 1.314 5.24 1.962 7.954 1.962 3.533 0 7.067-1.091 10.037-3.259 5.256-3.822 7.885-10.293 6.776-16.693l-10.443-60.894 44.254-43.13c4.635-4.54 6.31-11.316 4.312-17.494zM944.357 187.232c-4.011 3.909-5.854 9.574-4.899 15.106l6.11 35.651-32.016-16.827c-2.493-1.315-5.222-1.963-7.955-1.963-2.73 0-5.443 0.648-7.954 1.963l-32.018 16.827 6.109-35.651c0.957-5.531-0.888-11.179-4.898-15.106l-25.925-25.258 35.806-5.206c5.565-0.802 10.36-4.3 12.853-9.336l16.008-32.426 16.008 32.426c2.493 5.034 7.288 8.534 12.853 9.336l35.806 5.206-25.89 25.258z",
          "M836.272 656.71h-34.136v34.134h34.136v-34.134z",
          "M836.272 724.979h-34.136v34.134h34.136v-34.134z",
          "M870.406 690.845h-34.134v34.134h34.134v-34.134z",
          "M802.139 690.845h-34.136v34.134h34.136v-34.134z",
          "M716.802 844.448h-34.134v34.133h34.134v-34.133z",
          "M716.802 912.714h-34.134v34.136h34.134v-34.136z",
          "M750.938 878.581h-34.134v34.136h34.134v-34.136z",
          "M682.667 878.581h-34.134v34.136h34.134v-34.136z",
          "M512 776.181h-34.134v34.134h34.134v-34.134z",
          "M512 844.448h-34.134v34.133h34.134v-34.133z",
          "M546.134 810.312h-34.134v34.134h34.134v-34.134z",
          "M477.866 810.312h-34.134v34.134h34.134v-34.134z",
          "M187.728 195.902h-34.134v34.134h34.134v-34.134z",
          "M187.728 264.173h-34.134v34.134h34.134v-34.134z",
          "M221.861 230.038h-34.134v34.134h34.134v-34.134z",
          "M153.593 230.038h-34.134v34.134h34.134v-34.134z",
          "M790.872 453.102c-9.198-12.408-22.698-20.394-38.024-22.546-15.395-2.184-30.586 1.859-42.874 11.264l-40.074 30.72-60.726 45.347-43.451-17.306c77.483-34.765 131.637-112.266 131.637-202.243 0-122.336-99.926-221.87-222.757-221.87s-222.755 99.534-222.755 221.87c0 44.341 13.259 85.573 35.84 120.269l-88.442-0.768c-0.051 0-0.102 0-0.154 0-0.274 0-0.494 0.136-0.75 0.155-1.69 0.067-3.346 0.41-4.966 0.989-0.41 0.155-0.835 0.24-1.227 0.427-0.205 0.085-0.41 0.101-0.614 0.203l-103.46 51.082c-0.018 0-0.034 0-0.034 0.016l-60.589 29.136c-0.666 0.29-1.348 0.682-2.014 1.126-24.15 16.075-32.376 47.65-19.148 73.454 7.048 13.722 19.046 23.827 33.793 28.451 5.684 1.773 11.486 2.645 17.254 2.645 9.268 0 18.45-2.269 26.862-6.757l44.409-23.621 72.448-37.411 43.419-0.256-174.135 173.299c-0.016 0.018-0.034 0.018-0.052 0.034l-42.839 42.667c-10.12 10.070-15.684 23.432-15.684 37.685 0 14.234 5.564 27.63 15.684 37.718 10.394 10.342 24.064 15.53 37.735 15.53 13.688 0 27.34-5.187 37.768-15.53l42.053-41.883 55.706-41.592 28.827 28.706-56.373 56.133c-0.016 0.019-0.034 0.019-0.053 0.035l-42.838 42.666c-10.12 10.070-15.684 23.432-15.684 37.685 0 14.234 5.564 27.63 15.684 37.718 10.394 10.342 24.082 15.531 37.753 15.531s27.358-5.189 37.768-15.531l111.411-110.933c0.019-0.019 0.019-0.035 0.035-0.053l32.307-32-0.12-0.12c0.205-0.205 0.494-0.275 0.701-0.494l165.31-181.062 111.072 15.803c0.802 0.12 1.603 0.171 2.406 0.171 2.066 0 4.061-0.494 5.99-1.229 0.563-0.203 1.058-0.478 1.587-0.75 0.614-0.307 1.262-0.477 1.845-0.869l102.827-68.267c0.376-0.256 0.579-0.667 0.938-0.939 0.41-0.323 0.922-0.459 1.296-0.819l40.686-38.11c21.171-19.837 24.088-52.331 6.782-75.576zM68.173 568.645c-5.546 2.97-11.844 3.566-17.868 1.656-5.974-1.861-10.82-5.941-13.654-11.453-5.154-10.035-2.168-22.256 6.86-28.859l42.037-20.226 14.37 42.002-31.744 16.88zM180.080 510.158l-49.544 25.6-14.044-41.064 64.856-32.019-1.267 47.483zM663.262 298.304c0 29.389-7.014 57.107-19.166 81.904l-133.805-60.774c-1.4-18.347-10.922-34.406-25.224-44.41l46.848-155.53c76.086 24.202 131.347 95.183 131.347 178.81zM286.016 298.304c0-103.51 84.618-187.736 188.622-187.736 8.091 0 16.010 0.682 23.843 1.672l-45.826 152.119c-0.613-0.018-1.194-0.189-1.826-0.189-33.042 0-59.923 26.795-59.923 59.736 0 32.938 26.882 59.734 59.923 59.734 22.221 0 41.421-12.27 51.781-30.227l123.598 56.152c-34.39 46.285-89.432 76.477-151.573 76.477-104.003 0-188.621-84.226-188.621-187.738zM476.619 323.906c0 14.114-11.573 25.6-25.789 25.6s-25.789-11.486-25.789-25.6c0-14.115 11.573-25.602 25.789-25.602s25.789 11.486 25.789 25.602zM78.875 804.68c-7.56 7.493-19.798 7.477-27.34 0.018-3.636-3.635-5.632-8.429-5.632-13.533 0-5.086 1.996-9.883 5.632-13.483l30.786-30.67 27.239 27.12-30.684 30.549zM181.718 924.15c-7.56 7.491-19.814 7.51-27.358 0.018-3.636-3.635-5.632-8.43-5.632-13.534 0-5.086 1.996-9.882 5.632-13.482l30.806-30.686 27.256 27.12-30.704 30.565zM293.133 813.147c-0.019 0.016-0.035 0.016-0.053 0.034l-56.475 56.32-27.256-27.12 56.422-56.166c0 0 0 0 0-0.016 0.019-0.018 0.035-0.018 0.053-0.034 1.28-1.28 2.082-2.816 2.867-4.334 0.222-0.445 0.648-0.821 0.837-1.28 0.53-1.314 0.614-2.73 0.819-4.115 0.102-0.786 0.445-1.517 0.445-2.322 0-1.144-0.41-2.251-0.648-3.379-0.205-1.024-0.205-2.067-0.598-3.054-0.648-1.605-1.758-3.021-2.918-4.405-0.323-0.376-0.443-0.853-0.802-1.211 0 0 0 0-0.018 0-0.018-0.016-0.018-0.053-0.034-0.069l-51.424-51.2c-0.546-0.546-1.245-0.768-1.859-1.229-0.904-0.699-1.774-1.347-2.782-1.843-0.971-0.478-1.962-0.768-2.986-1.042-1.093-0.309-2.15-0.547-3.294-0.632-1.042-0.069-2.014 0.034-3.054 0.154-1.144 0.136-2.218 0.29-3.328 0.648-1.075 0.342-2.030 0.87-3.019 1.434-0.632 0.358-1.349 0.478-1.947 0.922l-56.746 42.362-28.827-28.707 76.768-76.357 139.539 137.237-29.682 29.406zM511.334 588.613c-0.494-0.067-0.957 0.12-1.451 0.086-1.246-0.069-2.44 0.018-3.686 0.222-0.971 0.17-1.893 0.357-2.816 0.682-1.091 0.376-2.082 0.888-3.090 1.502-0.955 0.579-1.826 1.194-2.662 1.962-0.41 0.358-0.904 0.53-1.28 0.938l-150.344 164.662-138.498-136.211 90.659-90.182c6.674-6.656 6.707-17.459 0.051-24.15-3.362-3.362-7.781-5.018-12.202-5v-0.016l-70.998 0.427 0.888-51.44 99.33 0.854c40.482 41.405 96.939 67.227 159.403 67.227 13.995 0 27.65-1.45 40.944-3.926 1.28 1.024 2.541 2.067 4.147 2.715l77.109 30.72 4.88 24.269 5.701 28.33-96.085-13.67zM640.65 594.314l-10.018-49.853 46.285-34.562 30.294 40.21-66.562 44.205zM760.765 503.722l-26.811 25.123-29.798-39.562 26.606-20.394c4.965-3.822 11.23-5.376 17.374-4.574 6.178 0.87 11.64 4.096 15.36 9.096 6.93 9.336 5.752 22.358-2.731 30.31z",
          "M435.266 593.41l-68.574-68.267c-6.638-6.638-17.427-6.638-24.083 0l-68.557 68.267c-3.208 3.226-5.018 7.56-5.018 12.099 0 4.541 1.792 8.893 5.018 12.101l68.557 68.267c3.328 3.31 7.699 4.966 12.051 4.966s8.72-1.656 12.032-4.966l68.574-68.267c3.208-3.208 5.034-7.56 5.034-12.101 0-4.539-1.81-8.891-5.034-12.099zM354.659 649.696l-44.376-44.187 44.376-44.186 44.39 44.186-44.39 44.187z",
          "M549.256 162.264l-8.245 33.146c2.27 0.563 55.605 14.456 55.605 68.763h34.134c-0.002-64.549-53.301-94.894-81.494-101.909z",
          "M630.752 298.304h-34.134v34.136h34.134v-34.136z"
        ],
        "attrs": [
          {
            "fill": "rgb(77, 90, 229)"
          },
          {
            "fill": "rgb(77, 90, 229)"
          },
          {
            "fill": "rgb(77, 90, 229)"
          },
          {
            "fill": "rgb(77, 90, 229)"
          },
          {
            "fill": "rgb(77, 90, 229)"
          },
          {
            "fill": "rgb(77, 90, 229)"
          },
          {
            "fill": "rgb(77, 90, 229)"
          },
          {
            "fill": "rgb(77, 90, 229)"
          },
          {
            "fill": "rgb(77, 90, 229)"
          },
          {
            "fill": "rgb(77, 90, 229)"
          },
          {
            "fill": "rgb(77, 90, 229)"
          },
          {
            "fill": "rgb(77, 90, 229)"
          },
          {
            "fill": "rgb(77, 90, 229)"
          },
          {
            "fill": "rgb(77, 90, 229)"
          },
          {
            "fill": "rgb(77, 90, 229)"
          },
          {
            "fill": "rgb(77, 90, 229)"
          },
          {
            "fill": "rgb(77, 90, 229)"
          },
          {
            "fill": "rgb(46, 47, 66)"
          },
          {
            "fill": "rgb(46, 47, 66)"
          },
          {
            "fill": "rgb(46, 47, 66)"
          },
          {
            "fill": "rgb(46, 47, 66)"
          }
        ],
        "isMulticolor": true,
        "isMulticolor2": false,
        "grid": 0,
        "tags": [
          "Icon 4"
        ],
        "colorPermutations": {
          "14214315312442442531464766177902291": [
            {
              "f": 2
            },
            {
              "f": 2
            },
            {
              "f": 2
            },
            {
              "f": 2
            },
            {
              "f": 2
            },
            {
              "f": 2
            },
            {
              "f": 2
            },
            {
              "f": 2
            },
            {
              "f": 2
            },
            {
              "f": 2
            },
            {
              "f": 2
            },
            {
              "f": 2
            },
            {
              "f": 2
            },
            {
              "f": 2
            },
            {
              "f": 2
            },
            {
              "f": 2
            },
            {
              "f": 2
            },
            {
              "f": 0
            },
            {
              "f": 0
            },
            {
              "f": 0
            },
            {
              "f": 0
            }
          ]
        }
      },
      "attrs": [
        {
          "fill": "rgb(77, 90, 229)"
        },
        {
          "fill": "rgb(77, 90, 229)"
        },
        {
          "fill": "rgb(77, 90, 229)"
        },
        {
          "fill": "rgb(77, 90, 229)"
        },
        {
          "fill": "rgb(77, 90, 229)"
        },
        {
          "fill": "rgb(77, 90, 229)"
        },
        {
          "fill": "rgb(77, 90, 229)"
        },
        {
          "fill": "rgb(77, 90, 229)"
        },
        {
          "fill": "rgb(77, 90, 229)"
        },
        {
          "fill": "rgb(77, 90, 229)"
        },
        {
          "fill": "rgb(77, 90, 229)"
        },
        {
          "fill": "rgb(77, 90, 229)"
        },
        {
          "fill": "rgb(77, 90, 229)"
        },
        {
          "fill": "rgb(77, 90, 229)"
        },
        {
          "fill": "rgb(77, 90, 229)"
        },
        {
          "fill": "rgb(77, 90, 229)"
        },
        {
          "fill": "rgb(77, 90, 229)"
        },
        {
          "fill": "rgb(46, 47, 66)"
        },
        {
          "fill": "rgb(46, 47, 66)"
        },
        {
          "fill": "rgb(46, 47, 66)"
        },
        {
          "fill": "rgb(46, 47, 66)"
        }
      ],
      "properties": {
        "order": 134,
        "id": 0,
        "name": "Icon-4",
        "prevSize": 32
      },
      "setIdx": 1,
      "setId": 2,
      "iconIdx": 9
    }
  ],
  "height": 1024,
  "preferences": {
    "showGlyphs": true,
    "showQuickUse": true,
    "showQuickUse2": true,
    "showSVGs": true,
    "fontPref": {
      "prefix": "icon-",
      "metadata": {
        "fontFamily": "icomoon"
      },
      "metrics": {
        "emSize": 1024,
        "baseline": 6.25,
        "whitespace": 50
      },
      "embed": false
    },
    "imagePref": {
      "prefix": "icon-",
      "png": true,
      "useClassSelector": true,
      "color": 0,
      "bgColor": 16777215,
      "classSelector": ".icon",
      "name": "icomoon"
    },
    "historySize": 50,
    "showCodes": true,
    "gridSize": 16
  }
}